{
    "class": "sensor",
    "type": "lidar",
    "name": "CuriosityLidar",
    "driveWorksId": "GENERIC",
    "profile": {
        "scanType": "rotary",
        "intensityProcessing": "normalization",
        "rotationDirection": "CW",
        "rayType": "IDEALIZED",
        "nearRangeM": 1.0,
        "farRangeM": 20.0,
        "rangeResolutionM": 0.05,
        "rangeAccuracyM": 0.04,
        "avgPowerW": 3.6,
        "wavelengthNm": 905.0,
        "pulseTimeNs": 23,
        "maxReturns": 1,
        "reportRateBaseHz": 32000,
        "scanRateBaseHz": 10.0,
        "numberOfEmitters": 640,
        "startAzimuthDeg": -180,
        "endAzimuthDeg": 180,
        "upElevationDeg": 0,
        "downElevationDeg": 0,
        "effectiveApertureSize": 0.0145,
        "focusDistM": 0.05,
        "intensityMappingType": "LINEAR",
        "minReflectance": 0.1,
        "minReflectanceRange": 10.0,
        "azimuthErrorMean": 0.0,
        "azimuthErrorStd": 0.0,
        "elevationErrorMean": 0.0,
        "elevationErrorStd": 0.0,
        "emitterStateCount": 1,
        "emitterStates": [
            {
                "azimuthDeg": [180.0, 179.43661971830986, 178.8732394366197, 178.30985915492957, 177.74647887323943, 177.18309859154928, 176.61971830985917, 176.05633802816902, 175.49295774647888, 174.92957746478874, 174.3661971830986, 173.80281690140845, 173.2394366197183, 172.67605633802816, 172.11267605633802, 171.54929577464787, 170.98591549295776, 170.42253521126761, 169.85915492957747, 169.29577464788733, 168.73239436619718, 168.16901408450704, 167.6056338028169, 167.04225352112675, 166.4788732394366, 165.91549295774647, 165.35211267605635, 164.7887323943662, 164.22535211267606, 163.66197183098592, 163.09859154929578, 162.53521126760563, 161.9718309859155, 161.40845070422534, 160.8450704225352, 160.28169014084506, 159.71830985915494, 159.1549295774648, 158.59154929577466, 158.0281690140845, 157.46478873239437, 156.90140845070422, 156.33802816901408, 155.77464788732394, 155.2112676056338, 154.64788732394365, 154.0845070422535, 153.5211267605634, 152.95774647887325, 152.3943661971831, 151.83098591549296, 151.26760563380282, 150.70422535211267, 150.14084507042253, 149.57746478873239, 149.01408450704224, 148.45070422535213, 147.88732394366195, 147.32394366197184, 146.7605633802817, 146.19718309859155, 145.6338028169014, 145.07042253521126, 144.50704225352112, 143.94366197183098, 143.38028169014083, 142.8169014084507, 142.25352112676057, 141.69014084507043, 141.1267605633803, 140.56338028169014, 140.0, 139.43661971830986, 138.8732394366197, 138.30985915492957, 137.74647887323943, 137.1830985915493, 136.61971830985914, 136.05633802816902, 135.49295774647888, 134.92957746478874, 134.3661971830986, 133.80281690140845, 133.2394366197183, 132.67605633802816, 132.11267605633802, 131.54929577464787, 130.98591549295776, 130.4225352112676, 129.85915492957747, 129.29577464788733, 128.73239436619718, 128.16901408450704, 127.6056338028169, 127.04225352112675, 126.47887323943661, 125.91549295774648, 125.35211267605634, 124.78873239436619, 124.22535211267606, 123.66197183098592, 123.09859154929578, 122.53521126760563, 121.97183098591549, 121.40845070422534, 120.8450704225352, 120.28169014084506, 119.71830985915493, 119.15492957746478, 118.59154929577466, 118.02816901408451, 117.46478873239437, 116.90140845070422, 116.33802816901408, 115.77464788732394, 115.2112676056338, 114.64788732394366, 114.08450704225352, 113.52112676056338, 112.95774647887323, 112.39436619718309, 111.83098591549296, 111.26760563380282, 110.70422535211267, 110.14084507042253, 109.57746478873239, 109.01408450704226, 108.45070422535211, 107.88732394366197, 107.32394366197182, 106.76056338028168, 106.19718309859155, 105.63380281690141, 105.07042253521126, 104.50704225352112, 103.94366197183098, 103.38028169014085, 102.8169014084507, 102.25352112676056, 101.69014084507042, 101.12676056338027, 100.56338028169014, 100.0, 99.43661971830986, 98.87323943661971, 98.30985915492957, 97.74647887323944, 97.1830985915493, 96.61971830985915, 96.05633802816901, 95.49295774647887, 94.92957746478872, 94.36619718309859, 93.80281690140845, 93.2394366197183, 92.67605633802816, 92.11267605633802, 91.54929577464789, 90.98591549295774, 90.4225352112676, 89.85915492957746, 89.29577464788731, 88.73239436619718, 88.16901408450704, 87.6056338028169, 87.04225352112675, 86.47887323943661, 85.91549295774648, 85.35211267605634, 84.78873239436619, 84.22535211267605, 83.6619718309859, 83.09859154929578, 82.53521126760563, 81.97183098591549, 81.40845070422534, 80.8450704225352, 80.28169014084507, 79.71830985915493, 79.15492957746478, 78.59154929577464, 78.0281690140845, 77.46478873239437, 76.90140845070422, 76.33802816901408, 75.77464788732394, 75.2112676056338, 74.64788732394366, 74.08450704225352, 73.52112676056338, 72.95774647887323, 72.39436619718309, 71.83098591549296, 71.26760563380282, 70.70422535211267, 70.14084507042253, 69.57746478873239, 69.01408450704224, 68.45070422535211, 67.88732394366197, 67.32394366197182, 66.76056338028168, 66.19718309859154, 65.63380281690141, 65.07042253521126, 64.50704225352112, 63.94366197183098, 63.38028169014083, 62.816901408450704, 62.25352112676056, 61.69014084507042, 61.12676056338027, 60.56338028169013, 60.0, 59.436619718309856, 58.87323943661971, 58.30985915492957, 57.746478873239425, 57.183098591549296, 56.61971830985915, 56.05633802816901, 55.492957746478865, 54.92957746478872, 54.36619718309859, 53.80281690140845, 53.239436619718305, 52.67605633802816, 52.11267605633802, 51.549295774647874, 50.98591549295773, 50.422535211267586, 49.85915492957747, 49.29577464788733, 48.732394366197184, 48.16901408450704, 47.6056338028169, 47.04225352112675, 46.47887323943661, 45.915492957746466, 45.35211267605632, 44.78873239436618, 44.22535211267606, 43.66197183098592, 43.098591549295776, 42.53521126760563, 41.97183098591549, 41.408450704225345, 40.8450704225352, 40.28169014084506, 39.718309859154914, 39.15492957746477, 38.591549295774655, 38.02816901408451, 37.46478873239437, 36.901408450704224, 36.33802816901408, 35.77464788732394, 35.21126760563379, 34.64788732394365, 34.084507042253506, 33.52112676056336, 32.95774647887322, 32.3943661971831, 31.83098591549296, 31.267605633802816, 30.704225352112672, 30.14084507042253, 29.577464788732385, 29.01408450704224, 28.450704225352098, 27.887323943661954, 27.32394366197181, 26.760563380281695, 26.19718309859155, 25.633802816901408, 25.070422535211264, 24.50704225352112, 23.943661971830977, 23.380281690140833, 22.81690140845069, 22.253521126760546, 21.690140845070403, 21.126760563380287, 20.563380281690144, 20.0, 19.436619718309856, 18.873239436619713, 18.30985915492957, 17.746478873239425, 17.18309859154928, 16.619718309859138, 16.056338028168994, 15.49295774647888, 14.929577464788736, 14.366197183098592, 13.802816901408448, 13.239436619718305, 12.676056338028161, 12.112676056338017, 11.549295774647874, 10.98591549295773, 10.422535211267586, 9.859154929577443, 9.295774647887328, 8.732394366197184, 8.16901408450704, 7.605633802816897, 7.042253521126753, 6.478873239436609, 5.915492957746466, 5.352112676056322, 4.788732394366178, 4.225352112676035, 3.6619718309859195, 3.098591549295776, 2.535211267605632, 1.9718309859154886, 1.408450704225345, 0.8450704225352013, 0.2816901408450576, -0.28169014084508603, -0.8450704225352297, -1.4084507042253733, -1.9718309859154886, -2.535211267605632, -3.098591549295776, -3.6619718309859195, -4.225352112676063, -4.788732394366207, -5.35211267605635, -5.915492957746494, -6.478873239436638, -7.042253521126781, -7.605633802816897, -8.16901408450704, -8.732394366197184, -9.295774647887328, -9.859154929577471, -10.422535211267615, -10.985915492957758, -11.549295774647902, -12.112676056338046, -12.67605633802819, -13.239436619718333, -13.802816901408448, -14.366197183098592, -14.929577464788736, -15.49295774647888, -16.056338028169023, -16.619718309859167, -17.18309859154931, -17.746478873239454, -18.309859154929597, -18.87323943661974, 